[
  {
    "id": 1,
    "title": "Vịt quay cả con",
    "description": "Cả con <span class=\"label label-info\">180000 VND/1 suất</span>",
    "image": "/img/images (1).jpeg",
    "price": 180000
  },
  {
    "id": 2,
    "title": "Vịt quay nửa con",
    "description": "Nửa con <span class=\"label label-info\">90000 VND/1 suất</span>",
    "image": "/img/download.jpeg",
    "price": 90000
  },
  {
    "id": 3,
    "title": "Vịt om sấu",
    "description": "Vịt om sấu <span class=\"label label-info\">100000 VND/1 suất</span>",
    "image": "/img/omsau.jpg",
    "price": 100000
  },
  {
    "id": 4,
    "title": "Vịt xào sả ớt",
    "description": "Vịt xào sả ớt <span class=\"label label-info\">100000 VND/1 suất</span>",
    "image": "/img/vit-xao-sa-ot.jpg",
    "price": 100000
  },
  {
    "id": 5,
    "title": "Rượu táo mèo",
    "description": "Rượu táo mèo <span class=\"label label-info\">20000 VND/1 chai</span>",
    "image": "/img/ruou-tao-meo.jpg",
    "price": 20000
  }
]